{
  "accuracy": 0.8606965174129353,
  "f1_macro": 0.8417130946569312
}